{"cameraMode":{"drawMode":0,"name":"Shaded","section":"Shading Mode"},"sceneLighting":true,"audioPlay":false,"sceneViewState":{"m_AlwaysRefresh":false,"showFog":true,"showSkybox":true,"showFlares":true,"showImageEffects":true,"showParticleSystems":true,"showVisualEffectGraphs":true,"m_FxEnabled":true},"in2DMode":false,"pivot":{"x":0.0000019073486328125,"y":0.854814887046814,"z":-0.005593776702880859},"rotation":{"x":0.0012983822962269188,"y":-0.9923387765884399,"z":0.010420119389891625,"w":0.12330587953329086},"size":2.5520389080047609,"orthographic":false}