{"cameraMode":{"drawMode":0,"name":"Shaded","section":"Shading Mode"},"sceneLighting":true,"audioPlay":false,"sceneViewState":{"m_AlwaysRefresh":false,"showFog":true,"showSkybox":true,"showFlares":true,"showImageEffects":true,"showParticleSystems":true,"showVisualEffectGraphs":true,"m_FxEnabled":true},"in2DMode":false,"pivot":{"x":73.71520233154297,"y":-27.688495635986329,"z":-15.818948745727539},"rotation":{"x":0.7133976817131043,"y":0.045486681163311008,"z":-0.046507906168699267,"w":0.6977333426475525},"size":204.74807739257813,"orthographic":true}