{"cameraMode":{"drawMode":0,"name":"Shaded","section":"Shading Mode"},"sceneLighting":true,"audioPlay":false,"sceneViewState":{"m_AlwaysRefresh":false,"showFog":true,"showSkybox":true,"showFlares":true,"showImageEffects":true,"showParticleSystems":true,"showVisualEffectGraphs":true,"m_FxEnabled":true},"in2DMode":false,"pivot":{"x":0.0000017881393432617188,"y":1.5048149824142457,"z":3268.296142578125},"rotation":{"x":0.029734253883361818,"y":-0.7054229974746704,"z":0.029645174741744996,"w":0.7075420022010803},"size":0.8660253882408142,"orthographic":true}