{"cameraMode":{"drawMode":0,"name":"Shaded","section":"Shading Mode"},"sceneLighting":true,"audioPlay":false,"sceneViewState":{"m_AlwaysRefresh":false,"showFog":true,"showSkybox":true,"showFlares":true,"showImageEffects":true,"showParticleSystems":true,"showVisualEffectGraphs":true,"m_FxEnabled":true},"in2DMode":false,"pivot":{"x":1.96839439868927,"y":-0.07889855653047562,"z":9.49403190612793},"rotation":{"x":0.22163988649845124,"y":-0.006438424810767174,"z":0.0014626127667725087,"w":0.9751086831092835},"size":18.275188446044923,"orthographic":false}