{"cameraMode":{"drawMode":0,"name":"Shaded","section":"Shading Mode"},"sceneLighting":true,"audioPlay":false,"sceneViewState":{"m_AlwaysRefresh":false,"showFog":true,"showSkybox":true,"showFlares":true,"showImageEffects":true,"showParticleSystems":true,"showVisualEffectGraphs":true,"m_FxEnabled":true},"in2DMode":false,"pivot":{"x":1.2920947074890137,"y":-2.4944565296173097,"z":-3.438213348388672},"rotation":{"x":0.21032309532165528,"y":0.5927295684814453,"z":-0.16404294967651368,"w":0.7599533796310425},"size":4.267343997955322,"orthographic":true}