{"cameraMode":{"drawMode":0,"name":"Shaded","section":"Shading Mode"},"sceneLighting":true,"audioPlay":false,"sceneViewState":{"m_AlwaysRefresh":false,"showFog":true,"showSkybox":true,"showFlares":true,"showImageEffects":true,"showParticleSystems":true,"showVisualEffectGraphs":true,"m_FxEnabled":true},"in2DMode":false,"pivot":{"x":1.96839439868927,"y":-0.07889855653047562,"z":9.49403190612793},"rotation":{"x":0.017544282600283624,"y":0.6821003556251526,"z":-0.01637352630496025,"w":0.7308675050735474},"size":1.7836271524429322,"orthographic":true}