{"cameraMode":{"drawMode":0,"name":"Shaded","section":"Shading Mode"},"sceneLighting":true,"audioPlay":false,"sceneViewState":{"m_AlwaysRefresh":false,"showFog":true,"showSkybox":true,"showFlares":true,"showImageEffects":true,"showParticleSystems":true,"showVisualEffectGraphs":true,"m_FxEnabled":true},"in2DMode":false,"pivot":{"x":1.2920947074890137,"y":-2.4944565296173097,"z":-3.438213348388672},"rotation":{"x":0.016452547162771226,"y":0.7277898788452148,"z":-0.01747000217437744,"w":0.6853817701339722},"size":4.267343997955322,"orthographic":true}