{"cameraMode":{"drawMode":0,"name":"Shaded","section":"Shading Mode"},"sceneLighting":true,"audioPlay":false,"sceneViewState":{"m_AlwaysRefresh":false,"showFog":true,"showSkybox":true,"showFlares":true,"showImageEffects":true,"showParticleSystems":true,"showVisualEffectGraphs":true,"m_FxEnabled":true},"in2DMode":false,"pivot":{"x":-0.598892092704773,"y":17.943161010742189,"z":1.9688773155212403},"rotation":{"x":0.1223817989230156,"y":0.005059684161096811,"z":0.0006202519871294498,"w":-0.9924765825271606},"size":19.232818603515626,"orthographic":false}