{"cameraMode":{"drawMode":0,"name":"Shaded","section":"Shading Mode"},"sceneLighting":false,"audioPlay":false,"sceneViewState":{"m_AlwaysRefresh":false,"showFog":true,"showSkybox":false,"showFlares":true,"showImageEffects":true,"showParticleSystems":true,"showVisualEffectGraphs":true,"m_FxEnabled":true},"in2DMode":false,"pivot":{"x":39.31048583984375,"y":1.8556255102157593,"z":-19.000001907348634},"rotation":{"x":0.7133976817131043,"y":0.045486681163311008,"z":-0.046507906168699267,"w":0.6977333426475525},"size":51.03612518310547,"orthographic":true}