{"cameraMode":{"drawMode":0,"name":"Shaded","section":"Shading Mode"},"sceneLighting":true,"audioPlay":false,"sceneViewState":{"m_AlwaysRefresh":false,"showFog":true,"showSkybox":true,"showFlares":true,"showImageEffects":true,"showParticleSystems":true,"showVisualEffectGraphs":true,"m_FxEnabled":true},"in2DMode":false,"pivot":{"x":-0.24313879013061524,"y":0.30614376068115237,"z":1.128377914428711},"rotation":{"x":0.016744010150432588,"y":0.7468051314353943,"z":0.01881662756204605,"w":-0.6645714044570923},"size":2.8357605934143068,"orthographic":false}