{"cameraMode":{"drawMode":0,"name":"Shaded","section":"Shading Mode"},"sceneLighting":true,"audioPlay":false,"sceneViewState":{"m_AlwaysRefresh":false,"showFog":true,"showSkybox":true,"showFlares":true,"showImageEffects":true,"showParticleSystems":true,"showVisualEffectGraphs":true,"m_FxEnabled":true},"in2DMode":false,"pivot":{"x":289.2998962402344,"y":260.2731628417969,"z":4.181536674499512},"rotation":{"x":-0.012309215031564236,"y":0.005096564069390297,"z":-0.00006277517968555912,"w":-0.9999114871025086},"size":120.88945770263672,"orthographic":false}