{"cameraMode":{"drawMode":0,"name":"Shaded","section":"Shading Mode"},"sceneLighting":true,"audioPlay":false,"sceneViewState":{"m_AlwaysRefresh":false,"showFog":true,"showSkybox":true,"showFlares":true,"showImageEffects":true,"showParticleSystems":true,"showVisualEffectGraphs":true,"m_FxEnabled":true},"in2DMode":false,"pivot":{"x":-20.305198669433595,"y":35.873023986816409,"z":29.69986343383789},"rotation":{"x":0.07731926441192627,"y":-0.7718062400817871,"z":0.09565797448158264,"w":0.6238658428192139},"size":56.49540328979492,"orthographic":false}