{"cameraMode":{"drawMode":0,"name":"Shaded","section":"Shading Mode"},"sceneLighting":true,"audioPlay":false,"sceneViewState":{"m_AlwaysRefresh":false,"showFog":true,"showSkybox":true,"showFlares":true,"showImageEffects":true,"showParticleSystems":true,"showVisualEffectGraphs":true,"m_FxEnabled":true},"in2DMode":false,"pivot":{"x":14.665108680725098,"y":10.956096649169922,"z":-0.9182604551315308},"rotation":{"x":-0.04308924078941345,"y":-0.8189769983291626,"z":-0.062025099992752078,"w":0.5689401030540466},"size":20.5010929107666,"orthographic":false}